{
	"WVWSCORE_MATCH": "match",
	"WVWSCORE_SCORE": "score",
	"WVWSCORE_RELSCORE": "relscore",
	"WVWSCORE_KD": "kd",
	"WVW_SCORE_HELP": "**__WvW Score__**\n\n`!match` - Show interactive match results in an embed, looks nicer but may not work well on mobile\n`!score` - Show the scores of your current WvW match-up.\n`!relscore` - Show the overall WvW score of the top world, along with the differences with the worlds on the second and the third place.\n`!kd` - Show the kill/death ratio of your current WvW match-up.",
	"WVWSCORE_GREEN_COLOR": "Green",
	"WVWSCORE_RED_COLOR": "Red",
	"WVWSCORE_BLUE_COLOR": "Blue",
	"WVWSCORE_REGION_NA": "North America",
	"WVWSCORE_REGION_EU": "Europe",
	"WVWSCORE_OVERALL": "Overall Score",
	"WVWSCORE_MAP_CENTER": "Eternal Battlegrounds",
	"WVWSCORE_MAP_GREEN": "Green Border",
	"WVWSCORE_MAP_BLUE": "Blue Border",
	"WVWSCORE_MAP_RED": "Red Border",
	"WVWSCORE_EMBED_TITLE": "WvW Score",
	"WVWSCORE_EMBED_DESCRIPTION": "%{region} Tier %{tier}",
	"WVWSCORE_EMBED_VP": "Victory Points: %{points}",
	"WVWSCORE_EMBED_SKIRMISH": "Skirmish: %{points}",
	"WVWSCORE_EMBED_TOTAL": "Score: %{points}",
	"WVWSCORE_EMBED_PPT": "PPT: +%{ppt}",
	"WVWSCORE_EMBED_KD": "K/D: %{kd}",
	"WVWSCORE_EMBED_FOOTER": "Click the reactions below to refresh or view specific maps.",
	"WVWSCORE_EMBED_REFRESH_EMOJI": "🔃",
	"WVWSCORE_EMBED_OVERALL_EMOJI": "🌐",
	"WVWSCORE_EMBED_EB_EMOJI": "📙",
	"WVWSCORE_EMBED_GREEN_EMOJI": "📗",
	"WVWSCORE_EMBED_BLUE_EMOJI": "📘",
	"WVWSCORE_EMBED_RED_EMOJI": "📕",
	"WVWSCORE_EMBED_UPDATE_ERROR": "Sorry, there was a problem updating the scores, please try again later.",
	"WVWSCORE_EMBED_REACTION_ERROR": "Unable to remove reaction, you will need to hit the button twice to use it again.",
	"WVWSCORE_ERROR": "Sorry, the score could not be determined at this time."
}
